Index,event,time,DLR_score,Tumor.size,Necrosis,clinical.stage,Grade,Treatment
18,1,38,-2.52802327,43,0,1,1,4
19,0,49,-2.588971432,20,0,1,1,4
55,0,78,-2.971997763,69,0,1,1,4
56,0,41,-2.274381054,35,0,1,1,4
57,1,28,0.17201543,65,0,1,1,4
469,1,24,-0.571495035,91,0,3,3,4
